<?xml version="1.0" encoding="UTF-8"?>
<project-private xmlns="http://www.netbeans.org/ns/project-private/1">
    <editor-bookmarks xmlns="http://www.netbeans.org/ns/editor-bookmarks/2" lastBookmarkId="0"/>
    <open-files xmlns="http://www.netbeans.org/ns/projectui-open-files/2">
        <group>
            <file>file:/C:/Users/sleet01/Documents/UWB/2017_WI/css490D/CSS490D_MP6_Martin_Metke/public_html/src/Engine/Utils/Physics/RigidRectangle.js</file>
            <file>file:/C:/Users/sleet01/Documents/UWB/2017_WI/css490D/CSS490D_MP6_Martin_Metke/public_html/src/Engine/Utils/Physics/RigidCircle.js</file>
            <file>file:/C:/Users/sleet01/Documents/UWB/2017_WI/css490D/CSS490D_MP6_Martin_Metke/public_html/src/MyGame/MyGameObjects/RectObject.js</file>
            <file>file:/C:/Users/sleet01/Documents/UWB/2017_WI/css490D/CSS490D_MP6_Martin_Metke/public_html/src/Engine/Utils/Physics/RigidShape.js</file>
        </group>
    </open-files>
</project-private>
