<MyGameLevel>

<!--  *** be careful!! comma (,) is not a supported syntax!!  -->
<!--  make sure there are no comma in between attributes -->
<!--  e.g., do NOT do:  PosX="20", PosY="30" -->
<!--  notice the "comma" between PosX and PosY: Syntax error! -->
  
    <!-- cameras -->
                <!-- Viewport: x, y, w, h -->
    <Camera CenterX="50" CenterY="37.5" Width="100" 
          Viewport="0 0 1024 768"   
          BgColor="0.8 0.8 0.8 1.0"
          />
              
              
    <!-- Walls Rotation is in degree; texture is set in MyGame. -->
    <!-- "West" walls -->
    <Wall PosX="1.5" PosY="6" Width="3" Height="12" Rotation="0" Color="1 1 1 0" />
    <Wall PosX="1.5" PosY="18" Width="3" Height="12" Rotation="0" Color="1 1 1 0" />
    <Wall PosX="1.5" PosY="30" Width="3" Height="12" Rotation="0" Color="1 1 1 0" />
    <Wall PosX="1.5" PosY="42" Width="3" Height="12" Rotation="0" Color="1 1 1 0" />
    <Wall PosX="1.5" PosY="54" Width="3" Height="12" Rotation="0" Color="1 1 1 0" />
    <Wall PosX="1.5" PosY="66" Width="3" Height="12" Rotation="0" Color="1 1 1 0" />
    <Wall PosX="1.5" PosY="78" Width="3" Height="12" Rotation="0" Color="1 1 1 0" />
    <!-- "East" walls -->
    <Wall PosX="98.5" PosY="6" Width="3" Height="12" Rotation="0" Color="1 1 1 0" />
    <Wall PosX="98.5" PosY="18" Width="3" Height="12" Rotation="0" Color="1 1 1 0" />
    <Wall PosX="98.5" PosY="30" Width="3" Height="12" Rotation="0" Color="1 1 1 0" />
    <Wall PosX="98.5" PosY="42" Width="3" Height="12" Rotation="0" Color="1 1 1 0" />
    <Wall PosX="98.5" PosY="54" Width="3" Height="12" Rotation="0" Color="1 1 1 0" />
    <Wall PosX="98.5" PosY="66" Width="3" Height="12" Rotation="0" Color="1 1 1 0" />
    <Wall PosX="98.5" PosY="78" Width="3" Height="12" Rotation="0" Color="1 1 1 0" />
    <!-- Ceiling Rotation is in degree; texture is set in MyGame. -->
    <Ceiling PosX="16" PosY="73" Width="32" Height="4" Rotation="180" Color="1 1 1 0" />
    <Ceiling PosX="48" PosY="73" Width="32" Height="4" Rotation="180" Color="1 1 1 0" />
    <Ceiling PosX="80" PosY="73" Width="32" Height="4" Rotation="180" Color="1 1 1 0" />
    <Ceiling PosX="112" PosY="73" Width="32" Height="4" Rotation="180" Color="1 1 1 0" />
    <!-- Floor Rotation is in degree; texture is set in MyGame. -->
    <Floor PosX="16" PosY="2" Width="32" Height="4" Rotation="0" Color="1 1 1 0" />
    <Floor PosX="48" PosY="2" Width="32" Height="4" Rotation="0" Color="1 1 1 0" />
    <Floor PosX="80" PosY="2" Width="32" Height="4" Rotation="0" Color="1 1 1 0" />
    <Floor PosX="112" PosY="2" Width="32" Height="4" Rotation="0" Color="1 1 1 0" />
    
    <!-- Platforms; Rotation is in degree; texture is set in MyGame. -->
    <Platform PosX="40" PosY="40" Width="22" Height="2.5" Rotation="-30" Color="1 1 1 0" />
    <Platform PosX="60" PosY="30" Width="22" Height="2.5" Rotation="0" Color="1 1 1 0" />
    <Platform PosX="20" PosY="20" Width="22" Height="2.5" Rotation="0" Color="1 1 1 0" />
    <Platform PosX="70" PosY="50" Width="22" Height="2.5" Rotation="0" Color="1 1 1 0" />
</MyGameLevel>